Time (seconds),temp_CPU,light,temp_OUT,moist_lv,year,month,date,hour,min,sec
122.09,23,142,21,110,2026,2,7,14,55,24
182.09,23,119,21,99,2026,2,7,14,56,24
242.09,23,119,21,99,2026,2,7,14,57,24
302.09,23,119,21,99,2026,2,7,14,58,24
362.09,22,134,21,108,2026,2,7,14,59,24
422.09,22,136,21,111,2026,2,7,15,0,24
482.09,22,0,21,655,2026,2,7,15,1,24
542.09,22,0,21,111,2026,2,7,15,2,24
602.09,22,142,21,112,2026,2,7,15,3,24
662.09,24,0,21,98,2026,2,7,15,4,24
722.09,23,143,21,110,2026,2,7,15,5,24
782.91,23,149,21,115,2026,2,7,15,6,25
842.09,23,155,21,116,2026,2,7,15,7,24
902.09,23,158,21,116,2026,2,7,15,8,24
962.09,23,158,21,118,2026,2,7,15,9,24
1022.09,23,150,20,119,2026,2,7,15,10,24
1082.09,22,141,20,120,2026,2,7,15,11,24
1142.09,22,141,20,120,2026,2,7,15,12,24
1202.91,22,145,20,121,2026,2,7,15,13,25
1262.09,22,144,20,121,2026,2,7,15,14,24
1322.09,22,139,20,122,2026,2,7,15,15,24
1382.09,22,133,20,122,2026,2,7,15,16,24
1442.09,21,127,20,122,2026,2,7,15,17,24
1502.09,21,123,20,123,2026,2,7,15,18,24
1562.09,21,117,20,123,2026,2,7,15,19,24
1622.09,21,106,20,124,2026,2,7,15,20,24
1682.09,21,100,20,124,2026,2,7,15,21,24
1742.09,21,93,20,124,2026,2,7,15,22,24
1802.09,20,94,20,125,2026,2,7,15,23,24
1862.09,20,94,20,126,2026,2,7,15,24,24
1922.09,20,92,20,127,2026,2,7,15,25,24
1982.09,20,96,19,128,2026,2,7,15,26,24
2042.09,20,105,19,127,2026,2,7,15,27,24
2102.09,19,109,19,128,2026,2,7,15,28,24
2162.09,19,108,19,128,2026,2,7,15,29,24
2222.09,19,109,19,129,2026,2,7,15,30,24
2282.09,19,111,19,129,2026,2,7,15,31,24
2342.09,19,108,19,129,2026,2,7,15,32,24
2402.09,19,104,19,130,2026,2,7,15,33,24
2462.09,19,99,19,130,2026,2,7,15,34,24
2522.09,19,93,19,130,2026,2,7,15,35,24
2582.09,18,87,19,131,2026,2,7,15,36,24
2642.09,18,82,18,131,2026,2,7,15,37,24
2702.09,18,75,18,131,2026,2,7,15,38,24
2762.09,18,65,18,131,2026,2,7,15,39,24
2822.09,18,54,18,132,2026,2,7,15,40,24
2882.09,18,41,18,133,2026,2,7,15,41,24
2942.09,18,36,18,132,2026,2,7,15,42,24
3002.09,17,27,18,133,2026,2,7,15,43,24
3062.09,17,22,18,132,2026,2,7,15,44,24
3122.09,17,16,18,133,2026,2,7,15,45,24
3182.09,17,0,18,133,2026,2,7,15,46,24
3242.09,17,0,18,134,2026,2,7,15,47,24
3302.09,17,0,18,133,2026,2,7,15,48,24
3362.09,17,0,18,134,2026,2,7,15,49,24
3422.09,17,0,18,133,2026,2,7,15,50,24
3482.09,17,0,17,133,2026,2,7,15,51,24
3542.09,17,0,17,134,2026,2,7,15,52,24
3602.09,17,0,17,134,2026,2,7,15,53,24
3662.09,17,8,17,134,2026,2,7,15,54,24
3722.09,17,19,17,135,2026,2,7,15,55,24
3782.09,16,27,17,135,2026,2,7,15,56,24
3842.09,16,38,17,135,2026,2,7,15,57,24
3902.09,16,46,17,135,2026,2,7,15,58,24
3962.09,16,52,17,135,2026,2,7,15,59,24
4022.09,16,56,17,135,2026,2,7,16,0,24
4082.09,16,58,17,136,2026,2,7,16,1,24
4142.09,16,54,17,135,2026,2,7,16,2,24
4202.09,16,47,17,136,2026,2,7,16,3,24
4262.09,16,44,17,136,2026,2,7,16,4,24
4322.09,16,45,17,136,2026,2,7,16,5,24
4382.09,16,45,17,135,2026,2,7,16,6,24
4442.09,16,50,17,136,2026,2,7,16,7,24
4502.09,16,50,17,136,2026,2,7,16,8,24
4562.09,16,49,17,137,2026,2,7,16,9,24
4622.09,16,58,17,136,2026,2,7,16,10,24
4682.09,16,67,17,136,2026,2,7,16,11,24
4742.09,16,76,17,137,2026,2,7,16,12,24
4802.09,16,78,17,137,2026,2,7,16,13,24
4862.09,16,79,17,137,2026,2,7,16,14,24
4922.09,16,77,17,138,2026,2,7,16,15,24
4982.09,16,69,16,138,2026,2,7,16,16,24
5042.09,16,62,16,138,2026,2,7,16,17,24
5102.09,16,53,16,137,2026,2,7,16,18,24
5162.91,16,45,16,138,2026,2,7,16,19,25
5222.09,16,40,16,138,2026,2,7,16,20,24
5282.09,16,37,16,137,2026,2,7,16,21,24
5342.09,16,33,16,138,2026,2,7,16,22,24
5402.09,16,27,16,139,2026,2,7,16,23,24
5462.09,16,20,16,139,2026,2,7,16,24,24
5522.09,16,14,16,138,2026,2,7,16,25,24
5582.91,16,14,16,139,2026,2,7,16,26,25
5642.09,16,3,16,139,2026,2,7,16,27,24
5702.09,16,0,16,138,2026,2,7,16,28,24
5762.09,16,3,16,138,2026,2,7,16,29,24
5822.09,16,4,16,139,2026,2,7,16,30,24
5882.09,16,2,16,139,2026,2,7,16,31,24
5942.09,16,2,16,139,2026,2,7,16,32,24
6002.09,16,0,16,139,2026,2,7,16,33,24
6062.09,16,0,16,139,2026,2,7,16,34,24
6122.91,16,0,16,139,2026,2,7,16,35,25
6182.09,16,0,16,138,2026,2,7,16,36,24
6242.09,16,0,16,139,2026,2,7,16,37,24
6302.09,16,0,16,139,2026,2,7,16,38,24
6362.09,16,0,16,139,2026,2,7,16,39,24
6422.09,16,0,16,138,2026,2,7,16,40,24
6482.09,16,0,16,138,2026,2,7,16,41,24
6542.09,16,0,16,139,2026,2,7,16,42,24
6602.09,16,0,16,139,2026,2,7,16,43,24
6662.09,16,0,16,139,2026,2,7,16,44,24
6722.09,16,0,16,139,2026,2,7,16,45,24
6782.09,16,0,16,139,2026,2,7,16,46,24
6842.09,16,0,16,139,2026,2,7,16,47,24
6902.91,16,0,16,139,2026,2,7,16,48,25
6962.09,16,0,16,139,2026,2,7,16,49,24
7022.09,16,0,16,139,2026,2,7,16,50,24
7082.09,16,0,16,139,2026,2,7,16,51,24
7142.09,16,0,16,139,2026,2,7,16,52,24
7202.09,16,0,16,139,2026,2,7,16,53,24
7262.09,16,0,16,140,2026,2,7,16,54,24
7322.09,16,0,16,139,2026,2,7,16,55,24
7382.09,16,0,16,139,2026,2,7,16,56,24
7442.09,16,0,16,140,2026,2,7,16,57,24
7502.09,16,0,16,139,2026,2,7,16,58,24
7562.09,16,0,16,140,2026,2,7,16,59,24
7622.91,16,0,16,140,2026,2,7,17,0,25
7682.09,16,0,16,140,2026,2,7,17,1,24
7742.09,16,0,16,140,2026,2,7,17,2,24
7802.09,16,0,16,140,2026,2,7,17,3,24
7862.09,16,0,16,140,2026,2,7,17,4,24
7922.09,16,0,16,140,2026,2,7,17,5,24
7982.09,16,0,16,140,2026,2,7,17,6,24
8042.09,16,0,16,140,2026,2,7,17,7,24
8102.09,16,0,16,140,2026,2,7,17,8,24
8162.09,16,0,16,140,2026,2,7,17,9,24
8222.09,16,0,16,140,2026,2,7,17,10,24
8282.09,16,0,16,140,2026,2,7,17,11,24
8342.91,16,0,16,140,2026,2,7,17,12,25
8402.09,16,0,16,140,2026,2,7,17,13,24
8462.09,16,0,16,140,2026,2,7,17,14,24
8522.09,16,0,16,140,2026,2,7,17,15,24
8582.09,16,0,16,139,2026,2,7,17,16,24
8642.09,16,0,16,140,2026,2,7,17,17,24
8702.09,16,0,16,140,2026,2,7,17,18,24
8762.09,16,0,16,140,2026,2,7,17,19,24
8822.09,16,0,16,141,2026,2,7,17,20,24
8882.09,16,0,16,140,2026,2,7,17,21,24
8942.09,16,0,16,140,2026,2,7,17,22,24
9002.09,16,0,16,141,2026,2,7,17,23,24
9062.91,16,0,16,141,2026,2,7,17,24,25
9122.09,16,0,16,141,2026,2,7,17,25,24
9182.09,16,0,16,140,2026,2,7,17,26,24
9242.09,16,0,16,141,2026,2,7,17,27,24
9302.09,16,0,16,141,2026,2,7,17,28,24
9362.09,16,0,16,140,2026,2,7,17,29,24
9422.09,16,0,16,141,2026,2,7,17,30,24
9482.09,16,0,16,141,2026,2,7,17,31,24
9542.09,16,0,16,141,2026,2,7,17,32,24
9602.09,16,0,16,141,2026,2,7,17,33,24
9662.09,16,0,16,141,2026,2,7,17,34,24
9722.09,16,0,16,141,2026,2,7,17,35,24
9782.09,16,0,16,140,2026,2,7,17,36,24
9842.09,16,0,16,141,2026,2,7,17,37,24
9902.09,16,0,16,141,2026,2,7,17,38,24
9962.09,16,0,16,142,2026,2,7,17,39,24
10022.09,16,0,16,142,2026,2,7,17,40,24
10082.09,16,0,16,142,2026,2,7,17,41,24
10142.09,16,0,16,141,2026,2,7,17,42,24
10202.09,16,0,16,142,2026,2,7,17,43,24
10262.09,16,0,16,142,2026,2,7,17,44,24
10322.09,16,0,16,143,2026,2,7,17,45,24
10382.09,16,0,16,142,2026,2,7,17,46,24
10442.09,16,0,16,142,2026,2,7,17,47,24
10502.09,16,0,16,142,2026,2,7,17,48,24
10562.09,16,0,16,142,2026,2,7,17,49,24
10622.09,16,0,16,142,2026,2,7,17,50,24
10682.09,16,0,16,143,2026,2,7,17,51,24
10742.09,16,0,16,143,2026,2,7,17,52,24
10802.09,16,0,16,143,2026,2,7,17,53,24
10862.09,16,0,16,143,2026,2,7,17,54,24
10922.09,16,0,16,143,2026,2,7,17,55,24
10982.09,16,0,16,143,2026,2,7,17,56,24
11042.09,16,0,16,143,2026,2,7,17,57,24
11102.09,16,0,16,143,2026,2,7,17,58,24
11162.09,16,0,16,143,2026,2,7,17,59,24
11222.09,16,0,16,143,2026,2,7,18,0,24
11282.09,16,0,16,143,2026,2,7,18,1,24
11342.09,16,0,16,143,2026,2,7,18,2,24
11402.09,16,0,16,143,2026,2,7,18,3,24
11462.09,16,0,16,144,2026,2,7,18,4,24
11522.09,16,0,16,144,2026,2,7,18,5,24
11582.09,15,0,16,144,2026,2,7,18,6,24
11642.09,15,0,16,143,2026,2,7,18,7,24
11702.09,16,0,16,144,2026,2,7,18,8,24
11762.09,15,0,16,145,2026,2,7,18,9,24
11822.09,15,0,16,144,2026,2,7,18,10,24
11882.09,15,0,16,144,2026,2,7,18,11,24
11942.09,15,0,16,145,2026,2,7,18,12,24
12002.09,15,0,16,145,2026,2,7,18,13,24
12062.09,16,0,16,98,2026,2,7,18,14,24
12122.09,16,0,16,100,2026,2,7,18,15,24
12182.09,15,0,16,143,2026,2,7,18,16,24
12242.09,15,0,16,143,2026,2,7,18,17,24
12302.91,15,0,16,144,2026,2,7,18,18,25
12362.09,15,0,16,145,2026,2,7,18,19,24
12422.09,15,0,16,145,2026,2,7,18,20,24
12482.09,15,0,16,145,2026,2,7,18,21,24
12542.09,15,0,16,145,2026,2,7,18,22,24
12602.09,15,0,16,145,2026,2,7,18,23,24
12662.09,15,0,16,144,2026,2,7,18,24,24
12722.09,15,0,16,145,2026,2,7,18,25,24
12782.09,15,0,16,145,2026,2,7,18,26,24
12842.09,15,0,16,145,2026,2,7,18,27,24
12902.09,15,0,16,145,2026,2,7,18,28,24
12962.09,15,0,16,145,2026,2,7,18,29,24
13022.09,15,0,16,144,2026,2,7,18,30,24
13082.09,15,0,16,145,2026,2,7,18,31,24
13142.09,15,0,16,145,2026,2,7,18,32,24
13202.09,15,0,16,146,2026,2,7,18,33,24
13262.09,15,0,16,145,2026,2,7,18,34,24
13322.09,15,0,16,145,2026,2,7,18,35,24
13382.09,15,0,16,145,2026,2,7,18,36,24
13442.09,15,0,16,145,2026,2,7,18,37,24
13502.09,15,0,16,145,2026,2,7,18,38,24
13562.09,15,0,15,145,2026,2,7,18,39,24
13622.09,15,0,15,146,2026,2,7,18,40,24
13682.09,15,0,15,145,2026,2,7,18,41,24
13742.09,15,0,15,146,2026,2,7,18,42,24
13802.09,15,0,15,146,2026,2,7,18,43,24
13862.09,15,0,15,147,2026,2,7,18,44,24
13922.09,15,0,15,146,2026,2,7,18,45,24
13982.09,15,0,15,145,2026,2,7,18,46,24
14042.09,15,0,15,145,2026,2,7,18,47,24
14102.09,15,0,15,146,2026,2,7,18,48,24
14162.09,15,0,15,146,2026,2,7,18,49,24
14222.09,15,0,15,146,2026,2,7,18,50,24
14282.09,15,0,15,147,2026,2,7,18,51,24
14342.09,15,0,15,145,2026,2,7,18,52,24
14402.09,15,0,15,147,2026,2,7,18,53,24
14462.09,15,0,15,146,2026,2,7,18,54,24
14522.09,15,0,15,146,2026,2,7,18,55,24
14582.10,15,0,15,146,2026,2,7,18,56,24
14642.09,15,0,15,146,2026,2,7,18,57,24
14702.09,15,0,15,146,2026,2,7,18,58,24
14762.09,15,0,15,146,2026,2,7,18,59,24
14822.09,15,0,15,146,2026,2,7,19,0,24
14882.09,15,0,15,146,2026,2,7,19,1,24
14942.09,15,0,15,146,2026,2,7,19,2,24
15002.09,15,0,15,146,2026,2,7,19,3,24
15062.09,15,0,15,146,2026,2,7,19,4,24
15122.09,15,0,15,146,2026,2,7,19,5,24
15182.09,15,0,15,146,2026,2,7,19,6,24
15242.09,15,0,15,146,2026,2,7,19,7,24
15302.10,15,0,15,146,2026,2,7,19,8,24
15362.09,15,0,15,146,2026,2,7,19,9,24
15422.09,15,0,15,147,2026,2,7,19,10,24
15482.09,15,0,15,146,2026,2,7,19,11,24
15542.09,15,0,15,146,2026,2,7,19,12,24
15602.09,15,0,15,146,2026,2,7,19,13,24
15662.09,15,0,15,146,2026,2,7,19,14,24
15722.09,15,0,15,146,2026,2,7,19,15,24
15782.09,15,0,15,146,2026,2,7,19,16,24
15842.09,15,0,15,146,2026,2,7,19,17,24
15902.09,15,0,15,146,2026,2,7,19,18,24
15962.09,15,0,15,146,2026,2,7,19,19,24
16022.10,15,0,15,147,2026,2,7,19,20,24
16082.09,15,0,15,146,2026,2,7,19,21,24
16142.09,15,0,15,146,2026,2,7,19,22,24
16202.09,15,0,15,146,2026,2,7,19,23,24
16262.09,15,0,15,146,2026,2,7,19,24,24
16322.09,15,0,15,146,2026,2,7,19,25,24
16382.09,15,0,15,146,2026,2,7,19,26,24
16442.09,15,0,15,147,2026,2,7,19,27,24
16502.09,15,0,15,147,2026,2,7,19,28,24
16562.09,15,0,15,146,2026,2,7,19,29,24
16622.09,15,0,15,147,2026,2,7,19,30,24
16682.09,15,0,15,147,2026,2,7,19,31,24
16742.10,15,0,15,147,2026,2,7,19,32,24
16802.09,15,0,15,147,2026,2,7,19,33,24
16862.09,15,0,15,147,2026,2,7,19,34,24
16922.09,15,0,15,146,2026,2,7,19,35,24
16982.09,15,0,15,146,2026,2,7,19,36,24
17042.91,15,0,15,147,2026,2,7,19,37,25
17102.09,15,0,15,147,2026,2,7,19,38,24
17162.09,15,0,15,147,2026,2,7,19,39,24
17222.09,15,0,15,147,2026,2,7,19,40,24
17282.09,15,0,15,147,2026,2,7,19,41,24
17342.09,15,0,15,146,2026,2,7,19,42,24
17402.09,15,0,15,147,2026,2,7,19,43,24
17462.10,15,0,15,147,2026,2,7,19,44,24
17522.09,15,0,15,147,2026,2,7,19,45,24
17582.09,15,0,15,147,2026,2,7,19,46,24
17642.09,15,0,15,147,2026,2,7,19,47,24
17702.09,15,0,15,147,2026,2,7,19,48,24
17762.09,15,0,15,146,2026,2,7,19,49,24
17822.09,15,0,15,146,2026,2,7,19,50,24
17882.09,15,0,15,146,2026,2,7,19,51,24
17942.09,15,0,15,147,2026,2,7,19,52,24
18002.09,15,0,15,146,2026,2,7,19,53,24
18062.91,15,0,15,147,2026,2,7,19,54,25
18122.09,15,0,15,147,2026,2,7,19,55,24
18182.10,15,0,15,146,2026,2,7,19,56,24
18242.09,15,0,15,147,2026,2,7,19,57,24
18302.09,15,0,15,146,2026,2,7,19,58,24
18362.91,15,0,15,147,2026,2,7,19,59,25
18422.09,15,0,15,146,2026,2,7,20,0,24
18482.09,15,0,15,146,2026,2,7,20,1,24
18542.09,15,0,15,147,2026,2,7,20,2,24
18602.09,15,0,15,146,2026,2,7,20,3,24
18662.09,15,0,15,146,2026,2,7,20,4,24
18722.91,15,0,15,147,2026,2,7,20,5,25
18782.09,16,0,15,146,2026,2,7,20,6,24
18842.09,15,0,15,146,2026,2,7,20,7,24
18902.10,16,0,15,146,2026,2,7,20,8,24
18962.09,16,0,15,146,2026,2,7,20,9,24
19022.09,16,0,15,146,2026,2,7,20,10,24
19082.09,16,0,15,146,2026,2,7,20,11,24
19142.91,16,0,15,147,2026,2,7,20,12,24
19202.09,16,0,15,147,2026,2,7,20,13,24
19262.09,16,0,15,146,2026,2,7,20,14,24
19322.09,16,0,15,146,2026,2,7,20,15,24
19382.91,16,0,15,146,2026,2,7,20,16,24
19442.91,16,0,15,147,2026,2,7,20,17,24
19502.09,16,0,15,146,2026,2,7,20,18,24
19562.09,16,0,15,146,2026,2,7,20,19,24
19622.10,16,0,15,146,2026,2,7,20,20,24
19682.09,16,0,15,146,2026,2,7,20,21,24
19742.09,16,0,15,147,2026,2,7,20,22,24
19802.91,16,0,15,146,2026,2,7,20,23,24
19862.91,16,0,15,146,2026,2,7,20,24,24
19922.09,16,0,15,146,2026,2,7,20,25,24
19982.09,16,0,15,146,2026,2,7,20,26,24
20042.09,16,0,19,147,2026,2,7,20,27,24
20102.09,16,0,19,146,2026,2,7,20,28,24
20162.09,16,0,19,146,2026,2,7,20,29,24
20222.09,16,0,19,147,2026,2,7,20,30,24
20282.09,16,0,19,146,2026,2,7,20,31,24
20342.10,16,0,19,146,2026,2,7,20,32,24
20402.09,16,0,19,146,2026,2,7,20,33,24
20462.09,16,0,18,147,2026,2,7,20,34,24
20522.09,16,0,18,146,2026,2,7,20,35,24
20582.09,16,0,18,146,2026,2,7,20,36,24
20642.09,16,0,18,146,2026,2,7,20,37,24
20702.09,16,0,18,146,2026,2,7,20,38,24
20762.09,16,0,18,146,2026,2,7,20,39,24
20822.09,16,0,18,146,2026,2,7,20,40,24
20882.91,16,0,18,147,2026,2,7,20,41,24
20942.09,16,0,18,147,2026,2,7,20,42,24
21002.09,16,0,18,146,2026,2,7,20,43,24
21062.10,16,0,17,146,2026,2,7,20,44,24
21122.09,16,0,17,146,2026,2,7,20,45,24
21182.91,16,0,17,147,2026,2,7,20,46,24
21242.09,16,0,17,147,2026,2,7,20,47,24
21302.09,16,0,17,146,2026,2,7,20,48,24
21362.09,16,0,17,147,2026,2,7,20,49,24
21422.09,16,0,17,147,2026,2,7,20,50,24
21482.09,16,0,17,147,2026,2,7,20,51,24
21542.09,16,0,17,147,2026,2,7,20,52,24
21602.09,16,0,17,147,2026,2,7,20,53,24
21662.09,16,0,17,147,2026,2,7,20,54,24
21722.09,16,0,17,147,2026,2,7,20,55,24
21782.10,16,0,17,147,2026,2,7,20,56,24
21842.09,16,0,17,147,2026,2,7,20,57,24
21902.09,16,0,17,147,2026,2,7,20,58,24
21962.09,16,0,17,146,2026,2,7,20,59,24
22022.09,16,0,17,147,2026,2,7,21,0,24
22082.09,16,0,17,148,2026,2,7,21,1,24
22142.09,16,0,17,147,2026,2,7,21,2,24
22202.09,16,0,16,147,2026,2,7,21,3,24
22262.09,16,0,16,147,2026,2,7,21,4,24
22322.09,16,0,16,146,2026,2,7,21,5,24
22382.09,16,0,16,147,2026,2,7,21,6,24
22442.09,16,0,16,147,2026,2,7,21,7,24
22502.10,16,0,16,147,2026,2,7,21,8,24
22562.09,16,0,16,147,2026,2,7,21,9,24
22622.09,16,0,16,147,2026,2,7,21,10,24
22682.09,15,0,16,147,2026,2,7,21,11,24
22742.91,16,0,16,148,2026,2,7,21,12,24
22802.09,15,0,16,148,2026,2,7,21,13,24
22862.09,15,0,16,147,2026,2,7,21,14,24
22922.09,16,0,16,148,2026,2,7,21,15,24
22982.09,16,0,16,147,2026,2,7,21,16,24
23042.09,15,0,16,147,2026,2,7,21,17,24
23102.09,15,0,16,147,2026,2,7,21,18,24
23162.09,16,0,16,148,2026,2,7,21,19,24
23222.10,16,0,16,147,2026,2,7,21,20,24
23282.09,15,0,16,148,2026,2,7,21,21,24
23342.09,15,0,16,148,2026,2,7,21,22,24
23402.09,15,0,16,147,2026,2,7,21,23,24
23462.09,15,0,16,147,2026,2,7,21,24,24
23522.09,15,0,16,147,2026,2,7,21,25,24
23582.09,15,0,16,147,2026,2,7,21,26,24
23642.09,15,0,16,147,2026,2,7,21,27,24
23702.09,15,0,16,147,2026,2,7,21,28,24
23762.09,15,0,16,147,2026,2,7,21,29,24
23822.09,15,0,16,147,2026,2,7,21,30,24
23882.91,15,0,16,148,2026,2,7,21,31,24
23942.10,15,0,16,148,2026,2,7,21,32,24
24002.09,15,0,16,148,2026,2,7,21,33,24
24062.09,15,0,16,148,2026,2,7,21,34,24
24122.09,15,0,16,148,2026,2,7,21,35,24
24182.09,15,0,16,147,2026,2,7,21,36,24
24242.91,15,0,16,148,2026,2,7,21,37,24
24302.09,15,0,16,148,2026,2,7,21,38,24
24362.09,15,0,16,148,2026,2,7,21,39,24
24422.09,15,0,16,148,2026,2,7,21,40,24
24482.09,15,0,16,148,2026,2,7,21,41,24
24542.91,15,0,16,148,2026,2,7,21,42,24
24602.09,15,0,15,148,2026,2,7,21,43,24
24662.10,15,0,15,148,2026,2,7,21,44,24
24722.09,15,0,15,148,2026,2,7,21,45,24
24782.09,15,0,15,148,2026,2,7,21,46,24
24842.91,15,0,15,148,2026,2,7,21,47,24
24902.09,15,0,15,148,2026,2,7,21,48,24
24962.09,15,0,15,147,2026,2,7,21,49,24
25022.09,15,0,15,149,2026,2,7,21,50,24
25082.09,15,0,15,148,2026,2,7,21,51,24
25142.09,15,0,15,148,2026,2,7,21,52,24
25202.09,15,0,15,148,2026,2,7,21,53,24
25262.91,15,0,15,149,2026,2,7,21,54,24
25322.09,15,0,15,148,2026,2,7,21,55,24
25382.10,15,0,15,148,2026,2,7,21,56,24
25442.09,15,0,15,148,2026,2,7,21,57,24
25502.09,15,0,15,148,2026,2,7,21,58,24
25562.91,15,0,15,148,2026,2,7,21,59,24
25622.09,15,0,15,148,2026,2,7,22,0,24
25682.09,15,0,15,148,2026,2,7,22,1,24
25742.09,15,0,15,149,2026,2,7,22,2,24
25802.09,15,0,15,148,2026,2,7,22,3,24
25862.09,15,0,15,148,2026,2,7,22,4,24
25923.73,15,0,15,149,2026,2,7,22,5,25
25982.09,15,0,15,149,2026,2,7,22,6,24
26042.09,15,0,15,148,2026,2,7,22,7,24
26102.10,15,0,15,148,2026,2,7,22,8,24
26162.91,15,0,15,149,2026,2,7,22,9,24
26222.91,15,0,15,149,2026,2,7,22,10,24
26282.91,15,0,15,149,2026,2,7,22,11,24
26342.09,15,0,15,150,2026,2,7,22,12,24
26402.09,15,0,15,149,2026,2,7,22,13,24
26462.09,15,0,15,149,2026,2,7,22,14,24
26522.09,15,0,15,149,2026,2,7,22,15,24
26582.09,15,0,15,149,2026,2,7,22,16,24
26642.09,15,0,15,149,2026,2,7,22,17,24
26702.09,15,0,15,149,2026,2,7,22,18,24
26762.09,15,0,15,149,2026,2,7,22,19,24
26822.10,15,0,15,149,2026,2,7,22,20,24
26882.09,15,0,15,149,2026,2,7,22,21,24
26942.09,15,0,15,149,2026,2,7,22,22,24
27002.09,15,0,15,149,2026,2,7,22,23,24
27062.09,15,0,15,149,2026,2,7,22,24,24
27122.09,15,0,15,149,2026,2,7,22,25,24
27182.09,15,0,15,149,2026,2,7,22,26,24
27242.09,15,0,15,149,2026,2,7,22,27,24
27302.09,15,0,15,149,2026,2,7,22,28,24
27362.09,15,0,15,149,2026,2,7,22,29,24
27422.09,15,0,15,149,2026,2,7,22,30,24
27482.09,15,0,15,149,2026,2,7,22,31,24
27542.10,15,0,15,150,2026,2,7,22,32,24
27602.91,15,0,15,150,2026,2,7,22,33,24
27662.91,15,0,15,149,2026,2,7,22,34,24
27722.91,15,0,15,149,2026,2,7,22,35,24
27782.09,14,0,15,149,2026,2,7,22,36,24
27842.09,15,0,15,149,2026,2,7,22,37,24
27902.09,15,0,15,150,2026,2,7,22,38,24
27962.09,14,0,15,149,2026,2,7,22,39,24
28022.09,14,0,15,149,2026,2,7,22,40,24
28082.09,14,0,15,149,2026,2,7,22,41,24
28142.91,14,0,15,150,2026,2,7,22,42,24
28202.91,14,0,15,150,2026,2,7,22,43,24
28262.91,14,0,15,150,2026,2,7,22,44,24
28322.91,14,0,15,150,2026,2,7,22,45,24
28382.91,14,0,15,150,2026,2,7,22,46,24
28442.09,14,0,15,149,2026,2,7,22,47,23
28502.09,14,0,15,149,2026,2,7,22,48,23
28562.09,14,0,15,150,2026,2,7,22,49,23
28622.09,14,0,15,150,2026,2,7,22,50,23
28682.09,14,0,14,150,2026,2,7,22,51,23
28742.09,14,0,14,150,2026,2,7,22,52,23
28802.09,14,0,14,149,2026,2,7,22,53,23
28862.09,14,0,14,150,2026,2,7,22,54,23
28922.09,14,0,14,150,2026,2,7,22,55,23
28982.10,14,0,14,150,2026,2,7,22,56,23
29042.09,14,0,14,150,2026,2,7,22,57,23
29102.09,14,0,14,150,2026,2,7,22,58,23
29162.09,14,0,14,151,2026,2,7,22,59,23
29222.91,14,0,14,150,2026,2,7,23,0,24
29282.09,14,0,14,150,2026,2,7,23,1,23
29342.09,14,0,14,150,2026,2,7,23,2,23
29402.09,14,0,14,150,2026,2,7,23,3,23
29462.09,14,0,14,151,2026,2,7,23,4,23
29522.09,14,0,14,150,2026,2,7,23,5,23
29583.73,14,0,14,151,2026,2,7,23,6,25
29642.09,14,0,14,151,2026,2,7,23,7,23
29702.10,14,0,14,150,2026,2,7,23,8,23
29762.09,14,0,14,151,2026,2,7,23,9,23
29822.09,14,0,14,150,2026,2,7,23,10,23
29882.09,14,0,14,150,2026,2,7,23,11,23
29942.09,14,0,14,151,2026,2,7,23,12,23
30003.73,14,0,14,151,2026,2,7,23,13,25
30062.09,14,0,14,151,2026,2,7,23,14,23
30122.09,14,0,14,151,2026,2,7,23,15,23
30182.09,14,0,14,151,2026,2,7,23,16,23
30242.09,14,0,14,150,2026,2,7,23,17,23
30302.09,14,0,14,150,2026,2,7,23,18,23
30362.91,14,0,14,151,2026,2,7,23,19,24
30422.10,14,0,14,151,2026,2,7,23,20,23
30482.09,14,0,14,151,2026,2,7,23,21,23
30542.09,14,0,14,151,2026,2,7,23,22,23
30602.09,14,0,14,150,2026,2,7,23,23,23
30662.09,14,0,14,151,2026,2,7,23,24,23
30722.09,14,0,14,151,2026,2,7,23,25,23
30782.09,14,0,14,151,2026,2,7,23,26,23
30842.91,14,0,14,151,2026,2,7,23,27,24
30902.09,14,0,14,151,2026,2,7,23,28,23
30962.09,14,0,14,150,2026,2,7,23,29,23
31022.09,14,0,14,151,2026,2,7,23,30,23
31082.91,14,0,14,151,2026,2,7,23,31,24
31142.91,14,0,14,151,2026,2,7,23,32,24
31202.91,14,0,14,151,2026,2,7,23,33,24
31263.73,14,0,14,152,2026,2,7,23,34,25
31322.09,14,0,14,151,2026,2,7,23,35,23
31382.09,14,0,14,151,2026,2,7,23,36,23
31442.09,14,0,14,151,2026,2,7,23,37,23
31502.09,14,0,14,151,2026,2,7,23,38,23
31562.09,14,0,14,151,2026,2,7,23,39,23
31622.09,14,0,14,152,2026,2,7,23,40,23
31682.91,14,0,14,152,2026,2,7,23,41,24
31742.09,14,0,14,152,2026,2,7,23,42,23
31802.09,14,0,14,151,2026,2,7,23,43,23
31862.10,14,0,14,152,2026,2,7,23,44,23
31922.09,14,0,14,152,2026,2,7,23,45,23
31982.09,14,0,14,152,2026,2,7,23,46,23
32042.91,14,0,14,152,2026,2,7,23,47,24
32102.09,14,0,14,152,2026,2,7,23,48,23
32162.09,14,0,14,152,2026,2,7,23,49,23
32222.09,14,0,14,152,2026,2,7,23,50,23
32282.09,14,0,14,152,2026,2,7,23,51,23
32342.09,14,0,14,152,2026,2,7,23,52,23
32402.09,14,0,14,151,2026,2,7,23,53,23
32462.09,14,0,14,151,2026,2,7,23,54,23
32522.91,14,0,14,152,2026,2,7,23,55,24
32582.91,14,0,14,151,2026,2,7,23,56,24
32642.09,14,0,14,152,2026,2,7,23,57,23
32702.09,14,0,14,151,2026,2,7,23,58,23
32762.91,13,0,14,152,2026,2,7,23,59,24
32822.09,14,0,14,151,2026,2,8,0,0,23
32882.09,14,0,14,152,2026,2,8,0,1,23
32942.09,14,0,14,152,2026,2,8,0,2,23
33002.09,14,0,14,152,2026,2,8,0,3,23
33062.09,14,0,14,152,2026,2,8,0,4,23
33122.09,14,0,14,152,2026,2,8,0,5,23
33182.09,13,0,14,152,2026,2,8,0,6,23
33242.09,14,0,14,152,2026,2,8,0,7,23
33302.10,14,0,14,152,2026,2,8,0,8,23
33362.09,14,0,14,152,2026,2,8,0,9,23
33422.09,13,0,14,151,2026,2,8,0,10,23
33482.91,14,0,14,152,2026,2,8,0,11,24
33542.09,13,0,14,152,2026,2,8,0,12,23
33602.91,14,0,14,153,2026,2,8,0,13,24
33664.54,14,0,-100,152,2026,2,8,0,14,26
33722.09,14,0,14,153,2026,2,8,0,15,23
33782.09,14,0,14,152,2026,2,8,0,16,23
33842.91,13,0,14,152,2026,2,8,0,17,24
33902.09,14,0,14,152,2026,2,8,0,18,23
33962.09,14,0,14,152,2026,2,8,0,19,23
34022.10,14,0,14,152,2026,2,8,0,20,23
34082.09,14,0,14,152,2026,2,8,0,21,23
34142.09,14,0,14,152,2026,2,8,0,22,23
34202.09,13,0,14,152,2026,2,8,0,23,23
34262.09,13,0,14,153,2026,2,8,0,24,23
34322.09,13,0,14,152,2026,2,8,0,25,23
34382.09,13,0,14,152,2026,2,8,0,26,23
34442.09,14,0,14,152,2026,2,8,0,27,23
34502.09,14,0,14,152,2026,2,8,0,28,23
34562.09,14,0,14,153,2026,2,8,0,29,23
34622.09,14,0,13,152,2026,2,8,0,30,23
34682.09,14,0,14,152,2026,2,8,0,31,23
34742.10,14,0,13,153,2026,2,8,0,32,23
34802.09,14,0,13,152,2026,2,8,0,33,23
34862.09,13,0,14,152,2026,2,8,0,34,23
34922.91,13,0,13,153,2026,2,8,0,35,24
34982.09,13,0,13,152,2026,2,8,0,36,23
35042.09,13,0,13,153,2026,2,8,0,37,23
35102.09,14,0,13,153,2026,2,8,0,38,23
35162.09,13,0,13,153,2026,2,8,0,39,23
35222.09,13,0,13,153,2026,2,8,0,40,23
35282.09,13,0,13,152,2026,2,8,0,41,23
35342.09,14,0,13,152,2026,2,8,0,42,23
35402.09,13,0,13,152,2026,2,8,0,43,23
35462.10,13,0,13,153,2026,2,8,0,44,23
35522.91,13,0,13,153,2026,2,8,0,45,24
35582.91,13,0,13,153,2026,2,8,0,46,24
35642.91,13,0,13,153,2026,2,8,0,47,24
35702.91,13,0,13,153,2026,2,8,0,48,24
35762.91,13,0,13,153,2026,2,8,0,49,24
35822.09,13,0,13,153,2026,2,8,0,50,23
35882.09,13,0,13,153,2026,2,8,0,51,23
35942.09,13,0,13,153,2026,2,8,0,52,23
36002.09,13,0,13,153,2026,2,8,0,53,23
36062.09,13,0,13,153,2026,2,8,0,54,23
36122.09,13,0,13,153,2026,2,8,0,55,23
36182.10,13,0,13,153,2026,2,8,0,56,23
36242.09,13,0,13,153,2026,2,8,0,57,23
36302.09,13,0,13,153,2026,2,8,0,58,23
36362.09,13,0,13,153,2026,2,8,0,59,23
36422.09,13,0,13,153,2026,2,8,1,0,23
36482.09,13,0,13,153,2026,2,8,1,1,23
36542.09,13,0,13,153,2026,2,8,1,2,23
36602.09,13,0,13,153,2026,2,8,1,3,23
36662.09,13,0,13,154,2026,2,8,1,4,23
36722.09,13,0,13,153,2026,2,8,1,5,23
36783.73,13,0,13,153,2026,2,8,1,6,25
36842.09,13,0,13,154,2026,2,8,1,7,23
36902.10,13,0,13,153,2026,2,8,1,8,23
36962.09,13,0,13,154,2026,2,8,1,9,23
37022.09,13,0,13,154,2026,2,8,1,10,23
37082.09,13,0,13,154,2026,2,8,1,11,23
37142.09,13,0,13,154,2026,2,8,1,12,23
37202.91,13,0,13,155,2026,2,8,1,13,24
37262.91,13,0,13,154,2026,2,8,1,14,24
37322.09,13,0,13,154,2026,2,8,1,15,23
37382.09,13,0,13,153,2026,2,8,1,16,23
37442.91,13,0,13,154,2026,2,8,1,17,24
37502.09,13,0,13,154,2026,2,8,1,18,23
37562.09,13,0,13,154,2026,2,8,1,19,23
37622.91,13,0,13,154,2026,2,8,1,20,24
37682.10,13,0,13,154,2026,2,8,1,21,23
37742.09,13,0,13,154,2026,2,8,1,22,23
37802.09,13,0,13,154,2026,2,8,1,23,23
37862.09,13,0,13,154,2026,2,8,1,24,23
37922.91,13,0,13,154,2026,2,8,1,25,24
37982.91,13,0,13,154,2026,2,8,1,26,24
38042.91,13,0,13,154,2026,2,8,1,27,24
38103.73,13,0,13,154,2026,2,8,1,28,25
38162.09,13,0,13,155,2026,2,8,1,29,23
38222.09,13,0,13,153,2026,2,8,1,30,23
38282.09,13,0,13,154,2026,2,8,1,31,23
38342.09,13,0,13,154,2026,2,8,1,32,23
38402.10,13,0,13,154,2026,2,8,1,33,23
38462.09,13,0,13,154,2026,2,8,1,34,23
38522.91,13,0,13,155,2026,2,8,1,35,24
38582.09,13,0,13,154,2026,2,8,1,36,23
38642.09,13,0,13,154,2026,2,8,1,37,23
38702.09,13,0,13,154,2026,2,8,1,38,23
38762.09,13,0,13,154,2026,2,8,1,39,23
38822.09,13,0,13,155,2026,2,8,1,40,23
38882.09,13,0,13,154,2026,2,8,1,41,23
38942.09,13,0,13,155,2026,2,8,1,42,23
39002.91,13,0,13,155,2026,2,8,1,43,24
39062.91,13,0,13,155,2026,2,8,1,44,24
39122.91,13,0,13,154,2026,2,8,1,45,24
39182.91,13,0,13,155,2026,2,8,1,46,24
39242.09,13,0,13,154,2026,2,8,1,47,23
39302.09,13,0,13,154,2026,2,8,1,48,23
39362.91,13,0,13,155,2026,2,8,1,49,24
39422.09,13,0,13,154,2026,2,8,1,50,23
39482.09,13,0,13,155,2026,2,8,1,51,23
39542.09,13,0,13,155,2026,2,8,1,52,23
39602.09,13,0,13,154,2026,2,8,1,53,23
39662.91,13,0,13,154,2026,2,8,1,54,24
39722.09,13,0,13,154,2026,2,8,1,55,23
39782.09,13,0,13,155,2026,2,8,1,56,23
39842.10,13,0,13,155,2026,2,8,1,57,23
39903.73,13,0,13,155,2026,2,8,1,58,25
39962.09,13,0,13,155,2026,2,8,1,59,23
40022.09,13,0,13,155,2026,2,8,2,0,23
40082.09,13,0,13,155,2026,2,8,2,1,23
40142.09,13,0,13,155,2026,2,8,2,2,23
40202.09,13,0,13,155,2026,2,8,2,3,23
40262.09,13,0,13,154,2026,2,8,2,4,23
40322.91,13,0,13,155,2026,2,8,2,5,24
40382.09,13,0,13,154,2026,2,8,2,6,23
40442.09,13,0,13,155,2026,2,8,2,7,23
40502.09,13,0,13,155,2026,2,8,2,8,23
40562.10,13,0,13,154,2026,2,8,2,9,23
40622.09,13,0,13,155,2026,2,8,2,10,23
40682.09,13,0,13,156,2026,2,8,2,11,23
40742.09,13,0,13,155,2026,2,8,2,12,23
40802.09,13,0,13,155,2026,2,8,2,13,23
40862.09,13,0,13,156,2026,2,8,2,14,23
40922.09,13,0,13,155,2026,2,8,2,15,23
40982.09,13,0,13,155,2026,2,8,2,16,23
41042.91,13,0,13,155,2026,2,8,2,17,24
41102.09,13,0,13,155,2026,2,8,2,18,23
41162.09,13,0,13,156,2026,2,8,2,19,23
41222.09,13,0,13,155,2026,2,8,2,20,23
41282.10,13,0,13,155,2026,2,8,2,21,23
41342.91,13,0,13,156,2026,2,8,2,22,24
41404.54,13,0,13,156,2026,2,8,2,23,26
41462.09,13,0,13,155,2026,2,8,2,24,23
41523.73,13,0,13,155,2026,2,8,2,25,25
41583.73,13,0,13,157,2026,2,8,2,26,25
41642.09,13,0,13,155,2026,2,8,2,27,23
41702.09,13,0,13,156,2026,2,8,2,28,23
41762.91,13,0,13,154,2026,2,8,2,29,24
41822.09,13,0,13,156,2026,2,8,2,30,23
41882.09,13,0,13,156,2026,2,8,2,31,23
41942.09,13,0,13,155,2026,2,8,2,32,23
42002.10,13,0,13,155,2026,2,8,2,33,23
42062.09,13,0,13,156,2026,2,8,2,34,23
42122.09,12,0,13,155,2026,2,8,2,35,23
42182.09,12,0,13,156,2026,2,8,2,36,23
42242.09,12,0,13,156,2026,2,8,2,37,23
42302.09,12,0,13,156,2026,2,8,2,38,23
42362.09,12,0,13,156,2026,2,8,2,39,23
42422.09,12,0,13,156,2026,2,8,2,40,23
42482.09,12,0,13,155,2026,2,8,2,41,23
42542.09,12,0,13,156,2026,2,8,2,42,23
42602.09,12,0,13,156,2026,2,8,2,43,23
42662.09,12,0,13,157,2026,2,8,2,44,23
42722.10,12,0,13,156,2026,2,8,2,45,23
42782.09,12,0,13,157,2026,2,8,2,46,23
42842.09,12,0,13,156,2026,2,8,2,47,23
42902.09,12,0,13,156,2026,2,8,2,48,23
42962.09,12,0,13,156,2026,2,8,2,49,23
43022.09,12,0,13,157,2026,2,8,2,50,23
43082.09,12,0,13,157,2026,2,8,2,51,23
43142.09,12,0,13,156,2026,2,8,2,52,23
43202.09,12,0,13,157,2026,2,8,2,53,23
43262.09,12,0,13,156,2026,2,8,2,54,23
43322.09,12,0,13,156,2026,2,8,2,55,23
43382.09,12,0,13,156,2026,2,8,2,56,23
43442.10,12,0,13,157,2026,2,8,2,57,23
43502.09,12,0,13,157,2026,2,8,2,58,23
43562.09,12,0,13,156,2026,2,8,2,59,23
43622.09,12,0,13,157,2026,2,8,3,0,23
43682.09,12,0,13,156,2026,2,8,3,1,23
43742.09,12,0,13,157,2026,2,8,3,2,23
43802.09,12,0,13,157,2026,2,8,3,3,23
43862.09,12,0,13,157,2026,2,8,3,4,23
43922.09,12,0,13,157,2026,2,8,3,5,23
43982.09,12,0,13,157,2026,2,8,3,6,23
44042.09,12,0,13,157,2026,2,8,3,7,23
44102.09,12,0,13,157,2026,2,8,3,8,23
44162.10,12,0,12,158,2026,2,8,3,9,23
44222.09,12,0,12,157,2026,2,8,3,10,23
44282.09,12,0,12,157,2026,2,8,3,11,23
44342.09,12,0,12,157,2026,2,8,3,12,23
44402.09,12,0,12,157,2026,2,8,3,13,23
44462.09,12,0,12,157,2026,2,8,3,14,23
44522.09,12,0,12,157,2026,2,8,3,15,23
44582.09,12,0,12,157,2026,2,8,3,16,23
44642.09,12,0,12,157,2026,2,8,3,17,23
44704.54,12,0,-100,157,2026,2,8,3,18,26
44762.09,12,0,12,157,2026,2,8,3,19,23
44822.09,12,0,12,157,2026,2,8,3,20,23
44882.10,12,0,12,157,2026,2,8,3,21,23
44942.91,12,0,12,157,2026,2,8,3,22,24
45004.54,12,0,-100,157,2026,2,8,3,23,26
45062.09,12,0,12,157,2026,2,8,3,24,23
45123.73,12,0,12,157,2026,2,8,3,25,25
45182.09,12,0,12,157,2026,2,8,3,26,23
45242.09,12,0,12,158,2026,2,8,3,27,23
45302.09,12,0,12,157,2026,2,8,3,28,23
45362.09,12,0,12,157,2026,2,8,3,29,23
45422.09,12,0,12,157,2026,2,8,3,30,23
45482.91,12,0,12,158,2026,2,8,3,31,24
45542.09,12,0,12,157,2026,2,8,3,32,23
45602.09,12,0,12,157,2026,2,8,3,33,23
45662.10,12,0,12,157,2026,2,8,3,34,23
45722.09,12,0,12,157,2026,2,8,3,35,23
45782.09,12,0,12,158,2026,2,8,3,36,23
45842.09,12,0,12,157,2026,2,8,3,37,23
45902.09,12,0,12,157,2026,2,8,3,38,23
45962.09,12,0,12,158,2026,2,8,3,39,23
46022.09,12,0,12,157,2026,2,8,3,40,23
46082.91,12,0,12,157,2026,2,8,3,41,24
46142.09,12,0,12,157,2026,2,8,3,42,23
46202.09,12,0,12,157,2026,2,8,3,43,23
46262.09,12,0,12,158,2026,2,8,3,44,23
46322.09,12,0,12,158,2026,2,8,3,45,23
46382.10,12,0,12,157,2026,2,8,3,46,23
46442.09,12,0,12,158,2026,2,8,3,47,23
46502.09,12,0,12,158,2026,2,8,3,48,23
46562.91,12,0,12,158,2026,2,8,3,49,24
46622.09,12,0,12,158,2026,2,8,3,50,23
46682.09,12,0,12,158,2026,2,8,3,51,23
46742.09,12,0,12,158,2026,2,8,3,52,23
46802.09,12,0,12,158,2026,2,8,3,53,23
46862.09,12,0,12,158,2026,2,8,3,54,23
46922.09,12,0,12,157,2026,2,8,3,55,23
46982.09,12,0,12,158,2026,2,8,3,56,23
47042.09,12,0,12,158,2026,2,8,3,57,23
47102.10,12,0,12,158,2026,2,8,3,58,23
47162.09,12,0,12,157,2026,2,8,3,59,23
47222.09,12,0,12,157,2026,2,8,4,0,23
47282.91,12,0,12,157,2026,2,8,4,1,24
47342.91,12,0,12,158,2026,2,8,4,2,24
47402.91,12,0,12,159,2026,2,8,4,3,24
47462.91,12,0,12,158,2026,2,8,4,4,24
47522.09,12,0,12,158,2026,2,8,4,5,23
47582.09,12,0,12,158,2026,2,8,4,6,23
47642.09,12,0,12,158,2026,2,8,4,7,23
47702.09,12,0,12,159,2026,2,8,4,8,23
47762.09,12,0,12,158,2026,2,8,4,9,23
47822.10,12,0,12,158,2026,2,8,4,10,23
47882.91,12,0,12,156,2026,2,8,4,11,24
47942.09,12,0,12,158,2026,2,8,4,12,23
48002.09,12,0,12,158,2026,2,8,4,13,23
48062.09,12,0,12,158,2026,2,8,4,14,23
48122.09,12,0,12,158,2026,2,8,4,15,23
48182.09,12,0,12,158,2026,2,8,4,16,23
48242.09,12,0,12,158,2026,2,8,4,17,23
48302.09,12,0,12,159,2026,2,8,4,18,23
48362.91,12,0,12,158,2026,2,8,4,19,24
48422.91,12,0,12,159,2026,2,8,4,20,24
48482.91,12,0,12,159,2026,2,8,4,21,24
48542.09,12,0,12,159,2026,2,8,4,22,23
48602.10,12,0,12,156,2026,2,8,4,23,23
48662.09,12,0,12,158,2026,2,8,4,24,23
48722.91,12,0,12,159,2026,2,8,4,25,24
48782.91,12,0,12,158,2026,2,8,4,26,24
48842.09,12,0,12,158,2026,2,8,4,27,23
48902.09,12,0,12,158,2026,2,8,4,28,23
48962.09,12,0,12,158,2026,2,8,4,29,23
49022.91,12,0,12,159,2026,2,8,4,30,24
49082.09,12,0,12,158,2026,2,8,4,31,23
49142.09,12,0,12,158,2026,2,8,4,32,23
49202.09,12,0,12,158,2026,2,8,4,33,23
49262.09,12,0,12,159,2026,2,8,4,34,23
49322.10,12,0,12,158,2026,2,8,4,35,23
49382.09,12,0,12,158,2026,2,8,4,36,23
49442.09,12,0,12,159,2026,2,8,4,37,23
49502.09,12,0,12,159,2026,2,8,4,38,23
49562.09,12,0,12,159,2026,2,8,4,39,23
49622.09,12,0,12,159,2026,2,8,4,40,23
49682.09,12,0,12,158,2026,2,8,4,41,23
49742.09,12,0,12,159,2026,2,8,4,42,23
49802.09,12,0,12,159,2026,2,8,4,43,23
49862.09,12,0,12,159,2026,2,8,4,44,23
49922.09,12,0,12,159,2026,2,8,4,45,23
49982.09,12,0,12,160,2026,2,8,4,46,23
50043.73,12,0,12,159,2026,2,8,4,47,25
50102.09,12,0,12,159,2026,2,8,4,48,23
50163.73,12,0,12,159,2026,2,8,4,49,25
50223.73,12,0,12,159,2026,2,8,4,50,25
50282.09,12,0,12,159,2026,2,8,4,51,23
50342.09,12,0,12,159,2026,2,8,4,52,23
50402.09,12,0,12,159,2026,2,8,4,53,23
50462.09,12,0,12,159,2026,2,8,4,54,23
50522.91,12,0,12,160,2026,2,8,4,55,24
50582.91,12,0,12,160,2026,2,8,4,56,24
50642.09,12,0,12,159,2026,2,8,4,57,23
50702.09,11,0,12,159,2026,2,8,4,58,23
50762.10,12,0,12,159,2026,2,8,4,59,23
50822.09,12,0,12,160,2026,2,8,5,0,23
50882.09,12,0,12,159,2026,2,8,5,1,23
50942.09,12,0,12,160,2026,2,8,5,2,23
51002.09,12,0,12,159,2026,2,8,5,3,23
51062.09,12,0,12,159,2026,2,8,5,4,23
51122.09,12,0,12,159,2026,2,8,5,5,23
51182.09,12,0,12,159,2026,2,8,5,6,23
51242.09,11,0,12,159,2026,2,8,5,7,23
51302.09,12,0,12,159,2026,2,8,5,8,23
51362.09,12,0,12,159,2026,2,8,5,9,23
51422.09,12,0,12,159,2026,2,8,5,10,23
51482.10,12,0,12,160,2026,2,8,5,11,23
51542.09,11,0,12,160,2026,2,8,5,12,23
51602.09,11,0,12,159,2026,2,8,5,13,23
51662.09,11,0,12,160,2026,2,8,5,14,23
51722.09,11,0,12,160,2026,2,8,5,15,23
51782.09,11,0,12,159,2026,2,8,5,16,23
51842.09,11,0,12,160,2026,2,8,5,17,23
51902.09,11,0,12,160,2026,2,8,5,18,23
51962.09,11,0,12,160,2026,2,8,5,19,23
52022.09,11,0,12,160,2026,2,8,5,20,23
52082.09,11,0,12,160,2026,2,8,5,21,23
52142.09,11,0,12,160,2026,2,8,5,22,23
52202.10,11,0,12,160,2026,2,8,5,23,23
52262.09,11,0,12,159,2026,2,8,5,24,23
52322.09,11,0,12,159,2026,2,8,5,25,23
52382.09,12,0,12,160,2026,2,8,5,26,23
52442.09,11,0,12,160,2026,2,8,5,27,23
52502.09,11,0,12,159,2026,2,8,5,28,23
52562.09,11,0,12,160,2026,2,8,5,29,23
52622.09,11,0,12,160,2026,2,8,5,30,23
52682.09,11,0,12,160,2026,2,8,5,31,23
52742.09,11,0,12,160,2026,2,8,5,32,23
52802.09,11,0,12,160,2026,2,8,5,33,23
52862.09,11,0,12,160,2026,2,8,5,34,23
52922.10,11,0,12,159,2026,2,8,5,35,23
52982.09,11,0,12,159,2026,2,8,5,36,23
53042.09,11,0,12,160,2026,2,8,5,37,23
53102.09,11,0,12,160,2026,2,8,5,38,23
53162.09,11,0,12,160,2026,2,8,5,39,23
53222.09,12,0,12,160,2026,2,8,5,40,23
53282.09,12,0,12,160,2026,2,8,5,41,23
53342.09,12,0,12,160,2026,2,8,5,42,23
53402.09,12,0,12,160,2026,2,8,5,43,23
53462.09,12,0,12,160,2026,2,8,5,44,23
53522.09,12,0,12,160,2026,2,8,5,45,23
53582.09,12,0,12,160,2026,2,8,5,46,23
53642.10,12,0,12,160,2026,2,8,5,47,23
53702.09,12,0,12,159,2026,2,8,5,48,23
53762.09,12,0,12,160,2026,2,8,5,49,23
53822.09,12,0,12,160,2026,2,8,5,50,23
53882.09,12,0,12,160,2026,2,8,5,51,23
53942.09,12,0,12,160,2026,2,8,5,52,23
54002.09,12,0,12,159,2026,2,8,5,53,23
54062.09,12,0,12,160,2026,2,8,5,54,23
54123.73,12,0,12,160,2026,2,8,5,55,25
54182.09,12,0,12,160,2026,2,8,5,56,23
54242.09,12,0,12,160,2026,2,8,5,57,23
54302.09,12,0,12,160,2026,2,8,5,58,23
54362.91,12,0,12,160,2026,2,8,5,59,24
54422.09,12,0,12,160,2026,2,8,6,0,23
54482.09,12,0,12,160,2026,2,8,6,1,23
54542.09,12,0,12,160,2026,2,8,6,2,23
54602.09,12,0,12,161,2026,2,8,6,3,23
54662.09,12,0,12,160,2026,2,8,6,4,23
54722.09,12,0,12,160,2026,2,8,6,5,23
54782.09,12,0,12,160,2026,2,8,6,6,23
54842.09,12,0,12,160,2026,2,8,6,7,23
54902.09,12,0,12,160,2026,2,8,6,8,23
54962.09,12,0,12,160,2026,2,8,6,9,23
55022.09,12,0,12,160,2026,2,8,6,10,23
55082.10,12,0,12,160,2026,2,8,6,11,23
55142.09,12,0,12,160,2026,2,8,6,12,23
55202.91,12,0,12,160,2026,2,8,6,13,24
55262.91,12,0,12,160,2026,2,8,6,14,24
55322.91,12,0,12,159,2026,2,8,6,15,24
55382.09,12,0,12,160,2026,2,8,6,16,23
55442.91,12,0,12,161,2026,2,8,6,17,24
55502.09,12,0,12,160,2026,2,8,6,18,23
55562.09,12,0,12,160,2026,2,8,6,19,23
55622.09,12,0,12,160,2026,2,8,6,20,23
55682.09,12,0,12,160,2026,2,8,6,21,23
55742.09,12,0,12,160,2026,2,8,6,22,23
55802.10,12,0,12,160,2026,2,8,6,23,23
55862.09,12,0,12,160,2026,2,8,6,24,23
55922.09,12,0,12,160,2026,2,8,6,25,23
55982.09,13,0,12,159,2026,2,8,6,26,23
56042.09,13,0,12,160,2026,2,8,6,27,23
56102.09,13,0,12,159,2026,2,8,6,28,23
56162.09,13,0,12,160,2026,2,8,6,29,23
56222.09,13,0,12,160,2026,2,8,6,30,23
56282.91,12,0,12,160,2026,2,8,6,31,24
56342.09,13,0,12,160,2026,2,8,6,32,23
56402.09,13,0,12,160,2026,2,8,6,33,23
56462.09,12,0,12,160,2026,2,8,6,34,23
56522.10,12,0,12,160,2026,2,8,6,35,23
56582.09,13,0,12,159,2026,2,8,6,36,23
56642.91,12,0,12,160,2026,2,8,6,37,24
56702.91,13,0,12,160,2026,2,8,6,38,24
56762.09,13,0,12,160,2026,2,8,6,39,23
56822.09,13,0,12,160,2026,2,8,6,40,23
56882.09,12,0,12,160,2026,2,8,6,41,23
56942.91,12,0,12,160,2026,2,8,6,42,24
57002.09,13,0,12,160,2026,2,8,6,43,23
57062.09,12,0,12,160,2026,2,8,6,44,23
57122.09,13,0,12,160,2026,2,8,6,45,23
57182.09,13,0,12,160,2026,2,8,6,46,23
57242.10,12,0,12,160,2026,2,8,6,47,23
57302.91,12,0,12,160,2026,2,8,6,48,24
57362.09,13,0,12,160,2026,2,8,6,49,23
57422.09,13,0,12,159,2026,2,8,6,50,23
57482.09,12,0,12,160,2026,2,8,6,51,23
57542.09,12,0,12,160,2026,2,8,6,52,23
57602.91,12,0,12,160,2026,2,8,6,53,24
57662.09,12,0,12,160,2026,2,8,6,54,23
57722.09,13,0,12,159,2026,2,8,6,55,23
57782.09,12,0,12,160,2026,2,8,6,56,23
57842.09,12,0,12,160,2026,2,8,6,57,23
57902.09,12,0,12,159,2026,2,8,6,58,23
57962.91,12,0,12,159,2026,2,8,6,59,24
58022.09,13,0,12,160,2026,2,8,7,0,23
58082.09,12,0,12,160,2026,2,8,7,1,23
58142.09,12,0,12,160,2026,2,8,7,2,23
58202.09,12,0,12,160,2026,2,8,7,3,23
58262.09,12,0,12,159,2026,2,8,7,4,23
58323.73,12,0,12,160,2026,2,8,7,5,25
58382.09,12,0,12,160,2026,2,8,7,6,23
58442.09,12,0,12,160,2026,2,8,7,7,23
58502.09,12,0,12,160,2026,2,8,7,8,23
58562.09,12,0,12,160,2026,2,8,7,9,23
58622.09,12,0,12,160,2026,2,8,7,10,23
58682.09,13,0,12,160,2026,2,8,7,11,23
58742.10,12,0,12,160,2026,2,8,7,12,23
58802.91,12,0,12,160,2026,2,8,7,13,24
58862.91,12,0,12,160,2026,2,8,7,14,24
58922.91,12,0,12,160,2026,2,8,7,15,24
58984.54,12,0,12,160,2026,2,8,7,16,25
59042.91,12,0,12,160,2026,2,8,7,17,24
59102.09,12,0,12,160,2026,2,8,7,18,23
59162.09,12,0,12,161,2026,2,8,7,19,23
59222.09,12,0,12,160,2026,2,8,7,20,23
59282.09,12,0,12,160,2026,2,8,7,21,23
59342.09,12,0,12,160,2026,2,8,7,22,23
59402.09,12,0,12,159,2026,2,8,7,23,23
59462.10,12,0,12,160,2026,2,8,7,24,23
59522.09,12,0,12,160,2026,2,8,7,25,23
59582.09,12,0,12,160,2026,2,8,7,26,23
59642.09,12,0,12,160,2026,2,8,7,27,23
59702.09,12,0,12,159,2026,2,8,7,28,23
59762.09,12,0,12,160,2026,2,8,7,29,23
59823.73,12,10,12,160,2026,2,8,7,30,24
59882.09,12,29,12,160,2026,2,8,7,31,23
59942.09,12,44,12,161,2026,2,8,7,32,23
60002.09,12,56,12,160,2026,2,8,7,33,23
60062.09,12,67,12,160,2026,2,8,7,34,23
60122.09,12,69,12,160,2026,2,8,7,35,23
60182.10,12,65,12,160,2026,2,8,7,36,23
60242.09,12,61,12,160,2026,2,8,7,37,23
60302.09,12,49,12,160,2026,2,8,7,38,23
60362.09,12,39,12,160,2026,2,8,7,39,23
60422.09,12,28,12,161,2026,2,8,7,40,23
60482.09,12,28,12,161,2026,2,8,7,41,23
60542.09,12,33,12,160,2026,2,8,7,42,23
60603.73,12,43,12,158,2026,2,8,7,43,24
60662.09,12,53,12,160,2026,2,8,7,44,23
60722.09,12,65,12,161,2026,2,8,7,45,23
60782.09,12,72,12,161,2026,2,8,7,46,23
60843.73,12,76,12,160,2026,2,8,7,47,24
60902.10,12,78,12,161,2026,2,8,7,48,23
60962.91,12,75,12,160,2026,2,8,7,49,24
61022.09,12,63,12,160,2026,2,8,7,50,23
61082.09,13,0,12,100,2026,2,8,7,51,23
61142.09,13,0,12,98,2026,2,8,7,52,23
61202.09,13,28,12,157,2026,2,8,7,53,23
61262.09,13,67,12,159,2026,2,8,7,54,23
61322.91,13,75,12,159,2026,2,8,7,55,24
61382.91,13,76,12,160,2026,2,8,7,56,24
61442.91,13,78,12,160,2026,2,8,7,57,24
61503.73,13,75,12,160,2026,2,8,7,58,24
61562.09,12,73,12,161,2026,2,8,7,59,23
61622.10,12,70,12,160,2026,2,8,8,0,23
61682.91,12,66,12,161,2026,2,8,8,1,24
61742.09,12,56,12,161,2026,2,8,8,2,23
61802.09,12,49,12,161,2026,2,8,8,3,23
61863.73,12,49,12,161,2026,2,8,8,4,24
61922.09,12,54,12,161,2026,2,8,8,5,23
61982.09,12,63,12,161,2026,2,8,8,6,23
62042.09,12,70,12,162,2026,2,8,8,7,23
62102.09,12,78,12,162,2026,2,8,8,8,23
62162.09,12,88,12,161,2026,2,8,8,9,23
62222.09,12,90,12,161,2026,2,8,8,10,23
62282.09,12,89,12,161,2026,2,8,8,11,23
62342.10,12,99,12,161,2026,2,8,8,12,23
62402.09,12,105,12,161,2026,2,8,8,13,23
62462.09,12,112,12,162,2026,2,8,8,14,23
62522.09,12,114,12,161,2026,2,8,8,15,23
62582.09,12,127,12,161,2026,2,8,8,16,23
62642.09,12,132,12,162,2026,2,8,8,17,23
62702.09,12,129,12,161,2026,2,8,8,18,23
62762.09,11,132,12,162,2026,2,8,8,19,23
62822.09,11,136,12,162,2026,2,8,8,20,23
62882.09,11,137,12,162,2026,2,8,8,21,23
62942.09,12,137,12,161,2026,2,8,8,22,23
63002.09,12,139,12,161,2026,2,8,8,23,23
63063.73,12,148,12,162,2026,2,8,8,24,24
63122.09,11,152,12,162,2026,2,8,8,25,23
63182.09,12,160,12,161,2026,2,8,8,26,23
63242.09,12,165,12,163,2026,2,8,8,27,23
63302.09,12,170,12,162,2026,2,8,8,28,23
63362.91,12,176,12,162,2026,2,8,8,29,24
63422.09,12,179,12,162,2026,2,8,8,30,23
63482.09,12,181,12,162,2026,2,8,8,31,23
63542.09,12,183,12,162,2026,2,8,8,32,23
63602.09,12,183,12,162,2026,2,8,8,33,23
63662.09,12,184,12,163,2026,2,8,8,34,23
63722.91,12,182,12,162,2026,2,8,8,35,24
63782.10,12,179,12,162,2026,2,8,8,36,23
63842.09,12,177,12,162,2026,2,8,8,37,23
63902.09,12,173,12,162,2026,2,8,8,38,23
63962.09,12,172,12,162,2026,2,8,8,39,23
64022.09,13,150,12,99,2026,2,8,8,40,23
64082.09,12,169,12,161,2026,2,8,8,41,23
64142.09,12,171,12,161,2026,2,8,8,42,23
64202.91,12,147,12,161,2026,2,8,8,43,24
64262.09,12,139,12,161,2026,2,8,8,44,23
64322.09,13,172,12,161,2026,2,8,8,45,23
64382.09,13,173,12,162,2026,2,8,8,46,23
64442.09,13,160,12,162,2026,2,8,8,47,23
64502.10,13,159,12,164,2026,2,8,8,48,23
64562.09,13,0,16,163,2026,2,8,8,49,23
64622.09,13,0,17,161,2026,2,8,8,50,23
64682.09,13,0,17,161,2026,2,8,8,51,23
64742.09,13,0,17,162,2026,2,8,8,52,23
64802.09,13,0,17,161,2026,2,8,8,53,23
64862.09,13,0,17,162,2026,2,8,8,54,23
64922.09,13,0,17,161,2026,2,8,8,55,23
64982.09,13,0,17,161,2026,2,8,8,56,23
65042.09,13,0,17,161,2026,2,8,8,57,23
65102.09,14,0,17,160,2026,2,8,8,58,23
65162.09,14,0,17,160,2026,2,8,8,59,23
65222.10,14,0,17,160,2026,2,8,9,0,23
65282.09,14,0,17,160,2026,2,8,9,1,23
65342.09,14,0,17,160,2026,2,8,9,2,23
65402.09,14,0,17,159,2026,2,8,9,3,23
65462.09,15,0,17,160,2026,2,8,9,4,23
65522.09,15,0,17,160,2026,2,8,9,5,23
65582.09,15,0,17,160,2026,2,8,9,6,23
65642.09,15,0,17,160,2026,2,8,9,7,23
65702.09,15,0,17,160,2026,2,8,9,8,23
65762.09,15,0,17,160,2026,2,8,9,9,23
65822.09,15,0,17,159,2026,2,8,9,10,23
65882.09,15,0,17,159,2026,2,8,9,11,23
65942.10,15,0,17,159,2026,2,8,9,12,23
66002.09,15,0,17,159,2026,2,8,9,13,23
66062.09,15,0,17,159,2026,2,8,9,14,23
66122.09,16,0,17,158,2026,2,8,9,15,23
66182.09,16,0,17,159,2026,2,8,9,16,23
66242.09,16,0,17,158,2026,2,8,9,17,23
66302.91,16,0,17,158,2026,2,8,9,18,24
66362.91,16,0,17,158,2026,2,8,9,19,24
66422.91,16,0,17,158,2026,2,8,9,20,24
66482.91,16,0,17,158,2026,2,8,9,21,24
66542.91,16,0,17,158,2026,2,8,9,22,24
66602.09,16,0,17,158,2026,2,8,9,23,23
66662.10,16,0,17,158,2026,2,8,9,24,23
66722.91,16,0,17,158,2026,2,8,9,25,24
66782.91,16,0,17,158,2026,2,8,9,26,24
66842.91,16,0,17,158,2026,2,8,9,27,24
66903.73,17,0,17,158,2026,2,8,9,28,24
66962.91,17,0,17,158,2026,2,8,9,29,24
67022.09,17,0,17,157,2026,2,8,9,30,23
67082.09,17,0,17,157,2026,2,8,9,31,23
67142.91,17,0,18,158,2026,2,8,9,32,24
67202.91,17,0,18,157,2026,2,8,9,33,24
67262.91,17,0,18,158,2026,2,8,9,34,24
67322.91,17,0,18,157,2026,2,8,9,35,24
67382.10,17,0,17,156,2026,2,8,9,36,23
67442.09,17,0,18,157,2026,2,8,9,37,23
67502.09,17,0,18,157,2026,2,8,9,38,23
67562.09,17,0,18,157,2026,2,8,9,39,23
67622.09,17,0,18,157,2026,2,8,9,40,23
67682.91,17,0,18,157,2026,2,8,9,41,24
67742.09,17,0,18,157,2026,2,8,9,42,23
67802.09,18,0,18,156,2026,2,8,9,43,23
67862.09,17,0,18,156,2026,2,8,9,44,23
67922.09,18,0,18,156,2026,2,8,9,45,23
67982.09,18,0,18,156,2026,2,8,9,46,23
68042.09,18,0,18,155,2026,2,8,9,47,23
68102.10,18,0,18,156,2026,2,8,9,48,23
68162.09,18,0,18,156,2026,2,8,9,49,23
68222.09,18,0,18,156,2026,2,8,9,50,23
68282.09,18,0,18,156,2026,2,8,9,51,23
68342.09,18,0,18,156,2026,2,8,9,52,23
68402.09,18,0,18,155,2026,2,8,9,53,23
68462.09,18,0,18,155,2026,2,8,9,54,23
68522.09,18,0,18,155,2026,2,8,9,55,23
68582.09,18,0,18,155,2026,2,8,9,56,23
68642.09,18,0,18,155,2026,2,8,9,57,23
68702.09,19,0,18,99,2026,2,8,9,58,23
68762.09,19,0,18,99,2026,2,8,9,59,23
68822.10,18,0,18,154,2026,2,8,10,0,23
68882.09,18,0,18,155,2026,2,8,10,1,23
68942.09,18,0,18,154,2026,2,8,10,2,23
69002.09,18,0,18,155,2026,2,8,10,3,23
69062.09,18,0,18,155,2026,2,8,10,4,23
69122.09,18,0,18,155,2026,2,8,10,5,23
69182.09,18,0,18,155,2026,2,8,10,6,23
69242.09,18,0,18,155,2026,2,8,10,7,23
69302.09,19,0,18,155,2026,2,8,10,8,23
69362.09,19,0,18,155,2026,2,8,10,9,23
69422.09,18,0,18,155,2026,2,8,10,10,23
69482.91,19,0,18,155,2026,2,8,10,11,23
69542.10,18,0,18,155,2026,2,8,10,12,23
69602.09,19,0,18,154,2026,2,8,10,13,23
69662.09,19,0,18,155,2026,2,8,10,14,23
69722.09,19,0,18,154,2026,2,8,10,15,23
69782.09,19,0,18,155,2026,2,8,10,16,23
69842.91,19,0,18,154,2026,2,8,10,17,23
69902.09,19,0,18,154,2026,2,8,10,18,23
69962.09,19,0,18,154,2026,2,8,10,19,23
70022.09,19,0,18,154,2026,2,8,10,20,23
70082.09,19,0,18,154,2026,2,8,10,21,23
70142.09,19,0,18,155,2026,2,8,10,22,23
70202.09,19,0,18,155,2026,2,8,10,23,23
70262.10,19,0,18,154,2026,2,8,10,24,23
70322.09,19,0,18,154,2026,2,8,10,25,23
70382.91,19,0,18,154,2026,2,8,10,26,23
70442.09,19,0,18,154,2026,2,8,10,27,23
70502.09,19,0,18,154,2026,2,8,10,28,23
70562.91,19,0,18,155,2026,2,8,10,29,23
70622.09,19,0,18,154,2026,2,8,10,30,23
70682.09,19,0,18,155,2026,2,8,10,31,23
70742.09,19,0,18,154,2026,2,8,10,32,23
70802.09,19,0,18,154,2026,2,8,10,33,23
70862.09,19,0,18,154,2026,2,8,10,34,23
70922.09,19,0,18,155,2026,2,8,10,35,23
70982.10,19,0,18,154,2026,2,8,10,36,23
71042.91,19,0,18,154,2026,2,8,10,37,23
71102.91,19,0,18,154,2026,2,8,10,38,23
71162.09,19,0,18,154,2026,2,8,10,39,23
71222.09,19,0,18,154,2026,2,8,10,40,23
71282.91,19,0,18,154,2026,2,8,10,41,23
71342.09,19,0,18,154,2026,2,8,10,42,23
71402.09,19,0,18,154,2026,2,8,10,43,23
71462.09,19,0,18,154,2026,2,8,10,44,23
71522.09,19,0,18,154,2026,2,8,10,45,23
71582.09,19,0,18,153,2026,2,8,10,46,23
71642.91,19,0,18,154,2026,2,8,10,47,23
71702.10,19,0,18,154,2026,2,8,10,48,23
71762.09,19,0,18,154,2026,2,8,10,49,23
71822.09,19,0,18,153,2026,2,8,10,50,23
71882.09,19,0,18,154,2026,2,8,10,51,23
71942.09,19,0,18,154,2026,2,8,10,52,23
72002.09,19,0,18,154,2026,2,8,10,53,23
72062.09,19,0,18,154,2026,2,8,10,54,23
72122.91,19,0,18,154,2026,2,8,10,55,23
72182.91,19,0,18,154,2026,2,8,10,56,23
72242.91,19,0,18,154,2026,2,8,10,57,23
72302.91,19,0,18,154,2026,2,8,10,58,23
72362.09,19,0,18,154,2026,2,8,10,59,23
72422.10,19,0,18,153,2026,2,8,11,0,23
72482.91,19,0,18,154,2026,2,8,11,1,23
72543.73,19,0,18,154,2026,2,8,11,2,24
72602.09,19,0,18,154,2026,2,8,11,3,23
72662.09,19,0,18,154,2026,2,8,11,4,23
72722.91,19,0,18,153,2026,2,8,11,5,23
72782.09,19,0,18,154,2026,2,8,11,6,23
72842.09,19,0,18,154,2026,2,8,11,7,23
72902.09,19,0,18,154,2026,2,8,11,8,23
72962.09,19,0,18,153,2026,2,8,11,9,23
73022.09,19,0,18,153,2026,2,8,11,10,23
73082.09,19,0,18,153,2026,2,8,11,11,23
73142.10,19,0,18,154,2026,2,8,11,12,23
73202.09,19,0,18,153,2026,2,8,11,13,23
73262.09,19,0,18,154,2026,2,8,11,14,23
73322.09,19,0,18,153,2026,2,8,11,15,23
73382.09,19,0,18,153,2026,2,8,11,16,23
73442.09,19,0,18,153,2026,2,8,11,17,23
73502.09,19,0,18,154,2026,2,8,11,18,23
73562.09,19,0,18,154,2026,2,8,11,19,23
73622.09,19,0,18,153,2026,2,8,11,20,23
73682.09,19,0,18,153,2026,2,8,11,21,23
73742.09,19,0,18,154,2026,2,8,11,22,23
73802.09,19,0,18,154,2026,2,8,11,23,23
73862.10,19,0,18,154,2026,2,8,11,24,23
73922.09,19,0,18,153,2026,2,8,11,25,23
73982.09,19,0,18,153,2026,2,8,11,26,23
74042.09,19,0,18,154,2026,2,8,11,27,23
74102.09,19,0,18,154,2026,2,8,11,28,23
74162.09,19,0,18,154,2026,2,8,11,29,23
74222.09,19,0,18,154,2026,2,8,11,30,23
74282.09,19,0,18,154,2026,2,8,11,31,23
74342.09,19,0,18,154,2026,2,8,11,32,23
74402.09,19,0,18,153,2026,2,8,11,33,23
74462.09,19,0,18,153,2026,2,8,11,34,23
74522.09,19,0,18,154,2026,2,8,11,35,23
74582.10,19,0,18,154,2026,2,8,11,36,23
74642.09,19,0,18,154,2026,2,8,11,37,23
74702.09,19,0,18,154,2026,2,8,11,38,23
74762.09,19,0,18,154,2026,2,8,11,39,23
74822.09,19,0,18,154,2026,2,8,11,40,23
74882.09,19,0,18,154,2026,2,8,11,41,23
74942.09,19,0,18,154,2026,2,8,11,42,23
75002.09,19,0,18,154,2026,2,8,11,43,23
75062.09,19,0,18,154,2026,2,8,11,44,23
75122.09,19,0,18,154,2026,2,8,11,45,23
75182.09,19,0,18,154,2026,2,8,11,46,23
75242.09,19,0,18,154,2026,2,8,11,47,23
75302.10,19,0,18,154,2026,2,8,11,48,23
75362.09,19,0,18,154,2026,2,8,11,49,23
75422.10,19,0,18,154,2026,2,8,11,50,23
75482.10,19,0,18,154,2026,2,8,11,51,23
75542.10,19,0,18,154,2026,2,8,11,52,23
75602.10,19,0,18,154,2026,2,8,11,53,23
75662.10,19,0,18,154,2026,2,8,11,54,23
75722.10,19,0,18,155,2026,2,8,11,55,23
75782.10,19,0,18,155,2026,2,8,11,56,23
75842.10,19,0,18,154,2026,2,8,11,57,23
75902.10,19,0,18,154,2026,2,8,11,58,23
75962.10,19,0,18,154,2026,2,8,11,59,23
76022.10,19,0,18,154,2026,2,8,12,0,23
76082.10,19,0,18,154,2026,2,8,12,1,23
76142.10,19,0,18,154,2026,2,8,12,2,23
76202.10,19,0,18,154,2026,2,8,12,3,23
76262.10,19,0,18,154,2026,2,8,12,4,23
76322.10,19,0,18,154,2026,2,8,12,5,23
76382.10,19,0,18,154,2026,2,8,12,6,23
76442.10,19,0,18,154,2026,2,8,12,7,23
76502.10,19,0,18,155,2026,2,8,12,8,23
76562.10,19,0,18,155,2026,2,8,12,9,23
76622.10,19,0,18,155,2026,2,8,12,10,23
76682.10,19,0,18,155,2026,2,8,12,11,23
76742.10,19,0,18,154,2026,2,8,12,12,23
76802.10,19,0,18,154,2026,2,8,12,13,23
76862.10,19,0,18,155,2026,2,8,12,14,23
76922.10,19,0,18,155,2026,2,8,12,15,23
76982.10,19,0,18,155,2026,2,8,12,16,23
77042.10,19,0,18,155,2026,2,8,12,17,23
77102.10,19,0,18,154,2026,2,8,12,18,23
77162.10,19,0,18,155,2026,2,8,12,19,23
77222.10,19,0,18,155,2026,2,8,12,20,23
77282.10,19,0,18,154,2026,2,8,12,21,23
77342.10,19,0,18,154,2026,2,8,12,22,23
77402.10,19,0,18,155,2026,2,8,12,23,23
77462.10,19,0,18,154,2026,2,8,12,24,23
77522.10,19,0,18,155,2026,2,8,12,25,23
77582.10,19,0,18,155,2026,2,8,12,26,23
77642.10,19,0,18,155,2026,2,8,12,27,23
77702.10,19,0,18,155,2026,2,8,12,28,23
77762.10,19,0,18,154,2026,2,8,12,29,23
77822.10,19,0,18,154,2026,2,8,12,30,23
77882.10,19,0,18,155,2026,2,8,12,31,23
77942.10,19,0,18,155,2026,2,8,12,32,23
78002.10,19,0,18,154,2026,2,8,12,33,23
78062.10,19,0,18,154,2026,2,8,12,34,23
78122.10,19,0,18,155,2026,2,8,12,35,23
78182.10,19,0,18,154,2026,2,8,12,36,23
78242.10,19,0,18,154,2026,2,8,12,37,22
78302.10,19,0,18,154,2026,2,8,12,38,22
78362.10,19,0,18,154,2026,2,8,12,39,22
78422.10,19,0,18,154,2026,2,8,12,40,22
78482.10,19,0,18,154,2026,2,8,12,41,22
78542.91,19,0,18,154,2026,2,8,12,42,23
78602.91,19,0,18,155,2026,2,8,12,43,23
78662.91,19,0,18,155,2026,2,8,12,44,23
78722.10,19,0,18,155,2026,2,8,12,45,22
78782.10,19,0,19,154,2026,2,8,12,46,22
78842.10,19,0,19,154,2026,2,8,12,47,22
78902.92,19,0,19,154,2026,2,8,12,48,23
78962.10,19,0,19,154,2026,2,8,12,49,22
79022.10,19,0,19,155,2026,2,8,12,50,22
79082.10,19,0,19,155,2026,2,8,12,51,22
79142.10,19,0,19,154,2026,2,8,12,52,22
79202.10,19,0,19,154,2026,2,8,12,53,22
79262.91,19,0,19,155,2026,2,8,12,54,23
79322.10,19,0,19,155,2026,2,8,12,55,22
79382.10,19,0,19,155,2026,2,8,12,56,22
79442.10,19,0,19,154,2026,2,8,12,57,22
79502.10,19,0,19,154,2026,2,8,12,58,22
79562.10,19,0,19,154,2026,2,8,12,59,22
79622.10,19,0,19,155,2026,2,8,13,0,22
79682.10,19,0,19,154,2026,2,8,13,1,22
79742.10,19,0,19,155,2026,2,8,13,2,22
79802.10,19,0,19,154,2026,2,8,13,3,22
79862.10,19,0,19,154,2026,2,8,13,4,22
79922.10,19,0,19,154,2026,2,8,13,5,22
79982.10,19,0,19,155,2026,2,8,13,6,22
80042.10,19,0,19,154,2026,2,8,13,7,22
80102.10,19,0,19,155,2026,2,8,13,8,22
80162.10,19,0,19,155,2026,2,8,13,9,22
80222.10,19,0,19,155,2026,2,8,13,10,22
80282.10,19,0,19,155,2026,2,8,13,11,22
80342.10,19,0,19,155,2026,2,8,13,12,22
80402.91,19,0,19,155,2026,2,8,13,13,23
80462.91,19,0,19,155,2026,2,8,13,14,23
80522.10,19,0,19,155,2026,2,8,13,15,22
80582.91,19,0,19,155,2026,2,8,13,16,23
80642.10,19,0,19,154,2026,2,8,13,17,22
80702.91,19,0,19,155,2026,2,8,13,18,23
80762.10,19,0,19,155,2026,2,8,13,19,22
80822.91,19,0,19,155,2026,2,8,13,20,23
80882.91,19,0,19,155,2026,2,8,13,21,23
80942.91,19,0,19,155,2026,2,8,13,22,23
81002.10,19,0,19,155,2026,2,8,13,23,22
81062.92,19,0,19,155,2026,2,8,13,24,23
81122.91,19,0,19,155,2026,2,8,13,25,23
81182.91,19,0,19,155,2026,2,8,13,26,23
81242.91,19,0,19,155,2026,2,8,13,27,23
81302.91,19,0,19,154,2026,2,8,13,28,23
81362.10,19,0,19,155,2026,2,8,13,29,22
81422.91,19,0,19,155,2026,2,8,13,30,23
81482.91,19,0,19,156,2026,2,8,13,31,23
81542.91,19,0,19,156,2026,2,8,13,32,23
81602.10,19,0,19,155,2026,2,8,13,33,22
81662.91,19,0,19,156,2026,2,8,13,34,23
81722.10,19,0,19,155,2026,2,8,13,35,22
81782.92,19,0,19,155,2026,2,8,13,36,23
81842.10,19,0,19,156,2026,2,8,13,37,22
81902.91,19,0,19,155,2026,2,8,13,38,23
81962.91,19,0,19,156,2026,2,8,13,39,23
82022.91,19,0,19,155,2026,2,8,13,40,23
82082.10,19,0,19,155,2026,2,8,13,41,22
82142.91,19,0,19,155,2026,2,8,13,42,23
82202.91,19,0,19,155,2026,2,8,13,43,23
82262.91,19,0,19,155,2026,2,8,13,44,23
82322.91,19,0,19,156,2026,2,8,13,45,23
82382.91,19,0,19,153,2026,2,8,13,46,23
82442.10,19,0,19,156,2026,2,8,13,47,22
82502.92,19,0,19,156,2026,2,8,13,48,23
82562.91,19,0,19,156,2026,2,8,13,49,23
82622.91,19,0,19,156,2026,2,8,13,50,23
82682.91,19,0,19,155,2026,2,8,13,51,23
82742.91,19,0,19,155,2026,2,8,13,52,23
82802.10,19,0,19,155,2026,2,8,13,53,22
82862.91,19,0,19,156,2026,2,8,13,54,23
82922.10,19,0,19,155,2026,2,8,13,55,22
82982.10,19,0,19,156,2026,2,8,13,56,22
83042.91,19,0,19,155,2026,2,8,13,57,23
83102.10,19,0,19,156,2026,2,8,13,58,22
83162.10,19,0,19,155,2026,2,8,13,59,22
83222.92,19,0,19,156,2026,2,8,14,0,23
83282.10,19,0,19,156,2026,2,8,14,1,22
83342.10,19,0,19,155,2026,2,8,14,2,22
83402.10,19,0,19,155,2026,2,8,14,3,22
83462.10,19,0,19,156,2026,2,8,14,4,22
83522.10,19,0,19,155,2026,2,8,14,5,22
83582.10,19,0,19,155,2026,2,8,14,6,22
83642.10,19,0,19,155,2026,2,8,14,7,22
83702.10,19,0,19,155,2026,2,8,14,8,22
83762.10,20,0,19,155,2026,2,8,14,9,22
83822.10,20,0,19,155,2026,2,8,14,10,22
83882.91,20,0,19,156,2026,2,8,14,11,23
83942.10,20,0,19,155,2026,2,8,14,12,22
84002.10,20,0,19,155,2026,2,8,14,13,22
84062.10,20,0,19,156,2026,2,8,14,14,22
84122.10,20,0,19,155,2026,2,8,14,15,22
84182.10,20,0,19,155,2026,2,8,14,16,22
84242.10,20,0,19,155,2026,2,8,14,17,22
84302.10,20,0,19,155,2026,2,8,14,18,22
84362.10,20,0,19,155,2026,2,8,14,19,22
84422.10,20,0,19,155,2026,2,8,14,20,22
84482.10,20,0,19,155,2026,2,8,14,21,22
84542.10,20,0,19,154,2026,2,8,14,22,22
84602.10,20,0,19,155,2026,2,8,14,23,22
84662.10,20,0,19,155,2026,2,8,14,24,22
84722.10,20,0,19,155,2026,2,8,14,25,22
84782.10,20,0,19,154,2026,2,8,14,26,22
84842.10,20,0,19,155,2026,2,8,14,27,22
84902.10,21,0,19,155,2026,2,8,14,28,22
84962.10,21,0,19,155,2026,2,8,14,29,22
85022.10,21,0,19,154,2026,2,8,14,30,22
85082.10,21,0,19,155,2026,2,8,14,31,22
85142.10,21,0,19,155,2026,2,8,14,32,22
85202.10,21,0,19,154,2026,2,8,14,33,22
85262.10,21,0,19,154,2026,2,8,14,34,22
85322.10,21,0,19,154,2026,2,8,14,35,22
85382.10,21,0,19,154,2026,2,8,14,36,22
85442.10,21,0,19,154,2026,2,8,14,37,22
85502.10,21,0,19,155,2026,2,8,14,38,22
85562.10,21,0,19,154,2026,2,8,14,39,22
85622.10,21,0,19,154,2026,2,8,14,40,22
85682.10,21,0,19,154,2026,2,8,14,41,22
85742.10,21,0,19,154,2026,2,8,14,42,22
85802.10,21,0,19,154,2026,2,8,14,43,22
85862.10,21,0,19,154,2026,2,8,14,44,22
85922.10,21,0,19,154,2026,2,8,14,45,22
85982.10,21,0,19,153,2026,2,8,14,46,22
86042.10,21,0,19,154,2026,2,8,14,47,22
86102.10,21,0,19,154,2026,2,8,14,48,22
86162.10,21,0,19,154,2026,2,8,14,49,22
86222.10,21,0,19,154,2026,2,8,14,50,22
86282.10,21,0,19,154,2026,2,8,14,51,22
86342.10,21,0,19,154,2026,2,8,14,52,22
86402.10,21,0,19,153,2026,2,8,14,53,22
86462.10,22,0,19,99,2026,2,8,14,54,22
86522.10,21,0,19,151,2026,2,8,14,55,22